epoch,train_loss,RMSE,MAE,Bias
1,0.42459235721414373,16.7993221282959,12.587095260620117,-1.0162075757980347
2,0.3275820846571122,15.246624946594238,11.199339866638184,2.7149658203125
3,0.2808787234695503,13.25267219543457,9.826091766357422,1.7479503154754639
4,0.21993031798878845,13.867532730102539,9.831746101379395,-1.9417972564697266
5,0.19080200906010317,12.775025367736816,9.206340789794922,-1.711700439453125
6,0.1730812455168979,12.516973495483398,9.187666893005371,1.62254798412323
7,0.15874342842993378,12.3173189163208,8.898229598999023,-0.7803198099136353
8,0.14871389184438144,12.150982856750488,8.904963493347168,-1.2718894481658936
9,0.14337820764248568,13.527214050292969,9.72169017791748,-4.2832441329956055
10,0.1345607270208597,12.896072387695312,9.390936851501465,-0.74507737159729
11,0.13107624576146348,12.377487182617188,9.174009323120117,0.30102819204330444
12,0.1214539315415239,13.492199897766113,10.27125358581543,2.973863363265991
13,0.1181184239114037,14.892267227172852,10.94294261932373,6.034080505371094
14,0.11297633805757765,13.018818855285645,9.620176315307617,2.3404996395111084
15,0.10518503301628136,12.49985122680664,9.234999656677246,-0.9967809319496155
16,0.10217208072546662,12.452259063720703,9.122166633605957,-2.1595168113708496
17,0.09721595781829129,12.482566833496094,9.218663215637207,-2.495650291442871
18,0.0904229081602684,13.282679557800293,9.544088363647461,-4.604022026062012
19,0.08665077799413742,12.132612228393555,8.97927474975586,0.09381916373968124
20,0.08144793271005561,11.820479393005371,8.833788871765137,-0.8257381319999695
21,0.07506753744481447,12.953778266906738,9.558349609375,-3.72625470161438
22,0.07074340707377384,12.171900749206543,9.136319160461426,0.6900244355201721
23,0.0633593657780909,12.664387702941895,9.295999526977539,-1.2824931144714355
24,0.0609907102044641,12.463508605957031,9.160873413085938,-1.811398983001709
25,0.05501059554420554,12.17765998840332,9.122461318969727,-1.054182529449463
26,0.05123970689063424,12.158063888549805,9.120308876037598,-0.594569206237793
27,0.04627523111768114,12.100349426269531,8.894929885864258,-0.6204051375389099
28,0.042457888373682626,12.429643630981445,8.992867469787598,-2.96712327003479
